"businessservice","business","tenantid","uuid","geturi","posturi","createdby","createdtime","lastmodifiedby","lastmodifiedtime","businessservicesla"
"SUPERVISOR","BPAREG","pg.citya","022d53ab-71c7-41e8-85e7-a27d4fcbc66c",NULL,NULL,"3709110a-4b1d-49a4-b639-95b689a86aa5","1743501511811","c8d9141d-b3f3-41e3-bc1f-649af40dee6a","1747302781861","0"
"FSM_ADVANCE_PAY_SERVICE","fsm","pg.citya","0639ccd3-26e4-45b4-be62-2029317dfb67",NULL,NULL,"5130f2e3-efc1-401a-94fb-b9e60d9fa17d","1746620339237","5130f2e3-efc1-401a-94fb-b9e60d9fa17d","1746620339237","172800000"
"WS.AMENDMENT","WS","pg.citya","09aa243d-f43d-4da1-8058-6c4a6b531b16",NULL,NULL,"3709110a-4b1d-49a4-b639-95b689a86aa5","1743506632422","3709110a-4b1d-49a4-b639-95b689a86aa5","1743506632422","0"
"NewSW1","sw-services","pg","0ab34fa0-9b83-4b29-94fa-bf6c5a49f6b8",NULL,NULL,"1723f919-bcce-4f6f-a135-4757075c5c27","1745170748360","1723f919-bcce-4f6f-a135-4757075c5c27","1750319946627","259200000"
"ARCHITECT","BPAREG","pg.citya","0e0739fc-882a-444e-9c18-28c65ba33fca",NULL,NULL,"3709110a-4b1d-49a4-b639-95b689a86aa5","1743501511811","c8d9141d-b3f3-41e3-bc1f-649af40dee6a","1747303229636","0"
"STRUCTURALENGINEER","BPAREG","pg","117e8465-d2fc-4b93-8bb1-0b3bb64247c8",NULL,NULL,"1723f919-bcce-4f6f-a135-4757075c5c27","1744621944477","c8d9141d-b3f3-41e3-bc1f-649af40dee6a","1747302871860","0"
"NewWS1","ws-services","pg","11b3ca26-af4e-47cb-b7c7-5fde995e3623",NULL,NULL,"1723f919-bcce-4f6f-a135-4757075c5c27","1745170689502","1723f919-bcce-4f6f-a135-4757075c5c27","1750320158669","259200000"
"AIRPORT_NOC_OFFLINE","noc-services","pg","13825637-e367-4cc5-a7b7-333924a383eb",NULL,NULL,"1723f919-bcce-4f6f-a135-4757075c5c27","1745170642694","1723f919-bcce-4f6f-a135-4757075c5c27","1745170642694","5184000000"
"SW.AMENDMENT","SW","pg.citya","14fd45d4-025b-467c-96d2-059af099dd03",NULL,NULL,"3709110a-4b1d-49a4-b639-95b689a86aa5","1743506587586","3709110a-4b1d-49a4-b639-95b689a86aa5","1743506587586","0"
"FSM","fsm","pg","18311687-f9b2-4c5f-ae1a-c7861a9463e1",NULL,NULL,"3903e096-3b9f-43a5-b5f0-4c37079d6cd5","1744197611210","3903e096-3b9f-43a5-b5f0-4c37079d6cd5","1744197611210","172800000"
"PQM","pqm","pg.cityb","200de84f-9503-4d0b-a3f2-6780fc0d2897",NULL,NULL,"5130f2e3-efc1-401a-94fb-b9e60d9fa17d","1748348009641","5130f2e3-efc1-401a-94fb-b9e60d9fa17d","1748348009641","432000000"
"FIRE_NOC_SRV","noc-services","pg.citya","28050927-9e2c-4ebd-afca-1c67d72e5f77",NULL,NULL,"1723f919-bcce-4f6f-a135-4757075c5c27","1743483264461","1723f919-bcce-4f6f-a135-4757075c5c27","1743483264461","5184000000"
"ModifySWConnection","sw-services","pg","30980eed-6094-4074-a2b6-3cb5bac7b6a0",NULL,NULL,"1723f919-bcce-4f6f-a135-4757075c5c27","1745170757723","1723f919-bcce-4f6f-a135-4757075c5c27","1745170757723","259200000"
"BPA","bpa-services","pg.citya","399fd2bf-348d-428f-a2a6-fbbfe927e7a7",NULL,NULL,"3709110a-4b1d-49a4-b639-95b689a86aa5","1743501511811","c8d9141d-b3f3-41e3-bc1f-649af40dee6a","1747227583985","5184000000"
"BPA_OC","bpa-services","pg","3ce59e63-7fa9-4971-9515-d571abfbd957",NULL,NULL,"1723f919-bcce-4f6f-a135-4757075c5c27","1744621887819","c8d9141d-b3f3-41e3-bc1f-649af40dee6a","1747300190538","5184000000"
"ARCHITECT","BPAREG","pg","3e986067-4686-41d4-95d2-48b11475c8bd",NULL,NULL,"1723f919-bcce-4f6f-a135-4757075c5c27","1744621972446","c8d9141d-b3f3-41e3-bc1f-649af40dee6a","1747303289822","0"
"BPA_OC","bpa-services","pg.citya","4119190b-4b04-4609-8571-e5653e96ca5b",NULL,NULL,"3709110a-4b1d-49a4-b639-95b689a86aa5","1743501511811","c8d9141d-b3f3-41e3-bc1f-649af40dee6a","1747225208046","5184000000"
"EDITRENEWAL","tl-services","pg.citya","491b502c-0b7f-4659-980d-934eb3ee2c84",NULL,NULL,"1723f919-bcce-4f6f-a135-4757075c5c27","1743484407631","c8d9141d-b3f3-41e3-bc1f-649af40dee6a","1747222345985","172800000"
"contract-approval-mukta","contract-service","pg","4a4755e7-9d32-4fc8-8545-384074d71a5f",NULL,NULL,"b43b260c-f620-45d3-a43f-f53148f87f15","1759748358987","b43b260c-f620-45d3-a43f-f53148f87f15","1759748358987","604800000"
"PT.CREATE","PT","pg.citya","4c1e1b43-9f0d-481c-a996-cb20086a1b8e",NULL,NULL,"3709110a-4b1d-49a4-b639-95b689a86aa5","1743506463523","d14f1116-6b07-4345-9db9-820d2e85daa0","1758271856474","604800000"
"DisconnectWSConnection","ws-services","pg.citya","5426b2ad-f6ca-4e30-a9f8-a7a743f86b75",NULL,NULL,"d14f1116-6b07-4345-9db9-820d2e85daa0","1750331436198","d14f1116-6b07-4345-9db9-820d2e85daa0","1750331436198","259200000"
"PT.UPDATE","PT","pg","5506e26b-b69d-4eb8-a836-9377408f13d5",NULL,NULL,"919f4168-223a-4ea9-8d27-9a9e27e672bd","1743070107121","c8d9141d-b3f3-41e3-bc1f-649af40dee6a","1747291813744","20"
"FIRENOC","fireNoc","pg.citya","58d3bdfb-e1f9-40d8-bd04-88d65af3c0eb",NULL,NULL,"1723f919-bcce-4f6f-a135-4757075c5c27","1743483264461","1723f919-bcce-4f6f-a135-4757075c5c27","1743483264461","172800000"
"FSM","fsm","pg.citya","5b008a43-2cb5-4d4d-b5bb-fcd0f65a8c8b",NULL,NULL,"3903e096-3b9f-43a5-b5f0-4c37079d6cd5","1746620241301","3903e096-3b9f-43a5-b5f0-4c37079d6cd5","1746620241301","172800000"
"FSM_ZERO_PAY_SERVICE","fsm","pg.citya","5efaa4c5-f329-4c75-8e73-4d1ed5e069de",NULL,NULL,"5130f2e3-efc1-401a-94fb-b9e60d9fa17d","1746620465019","5130f2e3-efc1-401a-94fb-b9e60d9fa17d","1746620465019","172800000"
"BUILDER","BPAREG","pg.citya","5f1412d2-ae8f-45f4-9e26-045eb4b81433",NULL,NULL,"3709110a-4b1d-49a4-b639-95b689a86aa5","1743501511811","c8d9141d-b3f3-41e3-bc1f-649af40dee6a","1747303159965","0"
"DisconnectSWConnection","sw-services","pg","601b4c9b-b61a-47e0-a175-2909e713a003",NULL,NULL,"1723f919-bcce-4f6f-a135-4757075c5c27","1745170768730","1723f919-bcce-4f6f-a135-4757075c5c27","1750320031573","259200000"
"NewTL","tl-services","pg.citya","61692547-0453-4d2d-a696-f272c03c3731",NULL,NULL,"1723f919-bcce-4f6f-a135-4757075c5c27","1743484407631","c8d9141d-b3f3-41e3-bc1f-649af40dee6a","1747222452265","172800000"
"ModifyWSConnection","ws-services","pg","6693a900-6df6-4802-96a7-4dc096936eaf",NULL,NULL,"1723f919-bcce-4f6f-a135-4757075c5c27","1745170704298","1723f919-bcce-4f6f-a135-4757075c5c27","1745170704298","259200000"
"TOWNPLANNER","BPAREG","pg.citya","6b07af8a-7e0c-4ba1-bb27-65c9a0aeb207",NULL,NULL,"3709110a-4b1d-49a4-b639-95b689a86aa5","1743501511811","c8d9141d-b3f3-41e3-bc1f-649af40dee6a","1747299813060","0"
"AIRPORT_NOC_SRV","noc-services","pg.citya","6b68a2a2-45f9-4101-92e7-fdd62fcefbb5",NULL,NULL,"1723f919-bcce-4f6f-a135-4757075c5c27","1743483264461","1723f919-bcce-4f6f-a135-4757075c5c27","1743483264461","5184000000"
"DisconnectSWConnection","sw-services","pg.citya","72fc7f2b-f4ce-40c9-8f30-d1e681dec3a2",NULL,NULL,"d14f1116-6b07-4345-9db9-820d2e85daa0","1750331545883","d14f1116-6b07-4345-9db9-820d2e85daa0","1750331545883","259200000"
"SW.AMENDMENT","SW","pg","73a1bc6f-8d57-4e84-b5a3-e3b5ea126725",NULL,NULL,"1723f919-bcce-4f6f-a135-4757075c5c27","1745170781516","1723f919-bcce-4f6f-a135-4757075c5c27","1750320098459","0"
"ENGINEER","BPAREG","pg.citya","74869757-3306-41f1-af48-11114c78aeb3",NULL,NULL,"3709110a-4b1d-49a4-b639-95b689a86aa5","1743501511811","c8d9141d-b3f3-41e3-bc1f-649af40dee6a","1747303039536","0"
"AIRPORT_NOC_SRV","noc-services","pg","767feec3-12a8-433c-8c6c-622dac620a83",NULL,NULL,"1723f919-bcce-4f6f-a135-4757075c5c27","1745170626068","1723f919-bcce-4f6f-a135-4757075c5c27","1745170626068","5184000000"
"FIRE_NOC_OFFLINE","noc-services","pg.citya","7c33d4ed-e749-4f04-9422-b44b4684d2da",NULL,NULL,"1723f919-bcce-4f6f-a135-4757075c5c27","1743483264461","1723f919-bcce-4f6f-a135-4757075c5c27","1743483264461","5184000000"
"FSM_ZERO_PAY_SERVICE","fsm","pg","7de13989-75d7-468d-b05a-36d16ccae18a",NULL,NULL,"5130f2e3-efc1-401a-94fb-b9e60d9fa17d","1744197702516","5130f2e3-efc1-401a-94fb-b9e60d9fa17d","1744197702516","172800000"
"SUPERVISOR","BPAREG","pg","7f960ae1-9e5a-48b1-8aa4-0e137e3656a4",NULL,NULL,"1723f919-bcce-4f6f-a135-4757075c5c27","1744613193390","c8d9141d-b3f3-41e3-bc1f-649af40dee6a","1747302742562","0"
"ModifySWConnection","sw-services","pg.citya","80c44e31-1a10-4ae4-9ee7-3fa714089b1b",NULL,NULL,"d14f1116-6b07-4345-9db9-820d2e85daa0","1750331535903","d14f1116-6b07-4345-9db9-820d2e85daa0","1750331535903","259200000"
"AIRPORT_NOC_OFFLINE","noc-services","pg.citya","8f035da0-cb06-45d5-b46a-bbb072765aae",NULL,NULL,"1723f919-bcce-4f6f-a135-4757075c5c27","1743483264461","1723f919-bcce-4f6f-a135-4757075c5c27","1743483264461","5184000000"
"FSM_ADVANCE_PAY_SERVICE","fsm","pg","97092661-77f6-47a2-9397-d6f450397617",NULL,NULL,"5130f2e3-efc1-401a-94fb-b9e60d9fa17d","1744197661636","5130f2e3-efc1-401a-94fb-b9e60d9fa17d","1744197661636","172800000"
"FSM_POST_PAY_SERVICE","fsm","pg.citya","979c1920-32ed-4337-8e56-60d9ccec24ec",NULL,NULL,"11b0e02b-0145-4de2-bc42-c97b96264807","1746620314146","11b0e02b-0145-4de2-bc42-c97b96264807","1746620314146","172800000"
"PQM","pqm","pg.citya","9b0e880c-5293-47d6-b9bb-f4a250884577",NULL,NULL,"5130f2e3-efc1-401a-94fb-b9e60d9fa17d","1746620493337","5130f2e3-efc1-401a-94fb-b9e60d9fa17d","1746620493337","432000000"
"FSM_POST_PAY_SERVICE","fsm","pg","a35da505-55ef-4bf0-a52c-48a086d20d73",NULL,NULL,"11b0e02b-0145-4de2-bc42-c97b96264807","1744197648205","11b0e02b-0145-4de2-bc42-c97b96264807","1744197648205","172800000"
"PAY_LATER_SERVICE","fsm","pg.citya","a511d0e1-b7eb-44b2-9a66-6f6e76d65ec3",NULL,NULL,"5130f2e3-efc1-401a-94fb-b9e60d9fa17d","1746620274309","5130f2e3-efc1-401a-94fb-b9e60d9fa17d","1746620274309","172800000"
"FIRE_NOC_SRV","noc-services","pg","a5d1baa4-6d6b-4fe9-830d-21b08c2f0b1b",NULL,NULL,"1723f919-bcce-4f6f-a135-4757075c5c27","1745170615341","1723f919-bcce-4f6f-a135-4757075c5c27","1745170615341","5184000000"
"PT.MUTATION","PT","pg.citya","a7b81d5f-d1b4-4b76-8310-db1bd42a76d7",NULL,NULL,"3709110a-4b1d-49a4-b639-95b689a86aa5","1743506463523","c8d9141d-b3f3-41e3-bc1f-649af40dee6a","1747221963724","2160000000"
"PAY_LATER_SERVICE","fsm","pg","abf08b04-abe9-4164-9b7d-a0848be4e5c6",NULL,NULL,"5130f2e3-efc1-401a-94fb-b9e60d9fa17d","1744197634808","5130f2e3-efc1-401a-94fb-b9e60d9fa17d","1744197634808","172800000"
"NewSW1","sw-services","pg.citya","ad41ee60-a3ca-4783-92c9-6f83668401dc",NULL,NULL,"d14f1116-6b07-4345-9db9-820d2e85daa0","1750331517050","d14f1116-6b07-4345-9db9-820d2e85daa0","1750331517050","259200000"
"mukta-estimate","estimate-service","pg","b2187912-ae23-48a6-a3a9-d6fcf4dda8db",NULL,NULL,"b43b260c-f620-45d3-a43f-f53148f87f15","1759748291264","b43b260c-f620-45d3-a43f-f53148f87f15","1759748291264","432000000"
"PGR","pgr-services","pg","b343dcef-68f1-4a86-9825-d1b7d458cd44",NULL,NULL,"a4a0d5a5-2edc-4c3d-bf97-5fdd1f88cbaa","1743096378513","a4a0d5a5-2edc-4c3d-bf97-5fdd1f88cbaa","1743096378513","432000000"
"ModifyWSConnection","ws-services","pg.citya","b3790f2c-d0ac-4244-b74d-7b8a3224460a",NULL,NULL,"d14f1116-6b07-4345-9db9-820d2e85daa0","1750331424350","d14f1116-6b07-4345-9db9-820d2e85daa0","1750331424350","259200000"
"STRUCTURALENGINEER","BPAREG","pg.citya","b76082e4-40b1-43aa-9434-17b243e16618",NULL,NULL,"3709110a-4b1d-49a4-b639-95b689a86aa5","1743501511811","c8d9141d-b3f3-41e3-bc1f-649af40dee6a","1747302921144","0"
"BPA_LOW","bpa-services","pg.citya","bb95d434-7e8a-4406-9db5-418ed4c6c6e0",NULL,NULL,"3709110a-4b1d-49a4-b639-95b689a86aa5","1743501511811","c8d9141d-b3f3-41e3-bc1f-649af40dee6a","1747227433277","5184000000"
"PT.UPDATE","PT","pg.citya","c0123d81-115e-4e80-9307-51d20500d5f9",NULL,NULL,"3709110a-4b1d-49a4-b639-95b689a86aa5","1743506463523","c8d9141d-b3f3-41e3-bc1f-649af40dee6a","1747296696098","20"
"NewWS1","ws-services","pg.citya","c7848f64-b6ca-4c61-9459-3e4788a4aaeb",NULL,NULL,"d14f1116-6b07-4345-9db9-820d2e85daa0","1750331394335","d14f1116-6b07-4345-9db9-820d2e85daa0","1750331394335","259200000"
"BUILDER","BPAREG","pg","cc572490-fe84-4e1a-b7a8-c91709e66ef6",NULL,NULL,"1723f919-bcce-4f6f-a135-4757075c5c27","1744621746981","c8d9141d-b3f3-41e3-bc1f-649af40dee6a","1747303115855","0"
"BPA_LOW","bpa-services","pg","d027138a-517e-4a03-a2ca-d471c093b171",NULL,NULL,"1723f919-bcce-4f6f-a135-4757075c5c27","1744621900491","c8d9141d-b3f3-41e3-bc1f-649af40dee6a","1747300294366","5184000000"
"ENGINEER","BPAREG","pg","d2a3600e-80c2-4333-ab49-e0c3fc5ddf93",NULL,NULL,"1723f919-bcce-4f6f-a135-4757075c5c27","1744621953667","c8d9141d-b3f3-41e3-bc1f-649af40dee6a","1747302990941","0"
"PQM","pqm","pg","d353ce5f-ab8d-4523-bb12-e50343095cd7",NULL,NULL,"5130f2e3-efc1-401a-94fb-b9e60d9fa17d","1744197760141","5130f2e3-efc1-401a-94fb-b9e60d9fa17d","1744197760141","432000000"
"WS.AMENDMENT","WS","pg","d7f70200-e91c-405d-88a3-92969fae5b9f",NULL,NULL,"1723f919-bcce-4f6f-a135-4757075c5c27","1745170721050","1723f919-bcce-4f6f-a135-4757075c5c27","1750320275276","0"
"BPA","bpa-services","pg","da95f7f1-812d-46d4-bfa6-ad93e3c983e6",NULL,NULL,"1723f919-bcce-4f6f-a135-4757075c5c27","1744621912674","c8d9141d-b3f3-41e3-bc1f-649af40dee6a","1747300462548","5184000000"
"FSM_VEHICLE_TRIP","vehicle","pg","dec743c4-5594-4884-b006-009cb33a1830",NULL,NULL,"3903e096-3b9f-43a5-b5f0-4c37079d6cd5","1744197691155","3903e096-3b9f-43a5-b5f0-4c37079d6cd5","1744197691155","172800000"
"TOWNPLANNER","BPAREG","pg","e282afcd-f22c-4a48-b6d5-6d4945c93273",NULL,NULL,"1723f919-bcce-4f6f-a135-4757075c5c27","1744621925179","c8d9141d-b3f3-41e3-bc1f-649af40dee6a","1747299993886","0"
"FIRE_NOC_OFFLINE","noc-services","pg","e2da0963-ea85-4cf8-bf2a-bd0c217117a7",NULL,NULL,"1723f919-bcce-4f6f-a135-4757075c5c27","1745170635449","1723f919-bcce-4f6f-a135-4757075c5c27","1745170635449","5184000000"
"FSM_VEHICLE_TRIP","vehicle","pg.citya","e7d23620-da9f-44d4-8e27-870d2a143a96",NULL,NULL,"3903e096-3b9f-43a5-b5f0-4c37079d6cd5","1746620373694","3903e096-3b9f-43a5-b5f0-4c37079d6cd5","1746620373694","172800000"
"DisconnectWSConnection","ws-services","pg","e849a68d-93f0-4e6e-9694-451b1b1e32d5",NULL,NULL,"1723f919-bcce-4f6f-a135-4757075c5c27","1745170711814","1723f919-bcce-4f6f-a135-4757075c5c27","1750320234575","259200000"
"PT.CREATE","PT","pg","ea71ddec-05bc-432c-90a8-1c276b6d185e",NULL,NULL,"919f4168-223a-4ea9-8d27-9a9e27e672bd","1743070107121","c8d9141d-b3f3-41e3-bc1f-649af40dee6a","1747894463358","604800000"
"FIRE_NOC_SRV1","noc-services","pg.citya","ea74d6c5-5b34-410f-ba87-ac874dbab86b",NULL,NULL,"1723f919-bcce-4f6f-a135-4757075c5c27","1743485624550","1723f919-bcce-4f6f-a135-4757075c5c27","1743485624550","5184000000"
"FIRENOC","fireNoc","pg","ee9d1dbc-d6f1-4fd6-b91d-d67fd0e25b4d",NULL,NULL,"1723f919-bcce-4f6f-a135-4757075c5c27","1745170648438","1723f919-bcce-4f6f-a135-4757075c5c27","1745170648438","172800000"
"DIRECTRENEWAL","tl-services","pg.citya","f72c4a22-ef79-4d3e-a9f0-774a63b67e8a",NULL,NULL,"1723f919-bcce-4f6f-a135-4757075c5c27","1743484407631","c8d9141d-b3f3-41e3-bc1f-649af40dee6a","1747222194863","172800000"
"PT.MUTATION","PT","pg","f7329b4a-c3cf-4587-9ffa-e439bf8d9c58",NULL,NULL,"919f4168-223a-4ea9-8d27-9a9e27e672bd","1743070107121","c8d9141d-b3f3-41e3-bc1f-649af40dee6a","1747291928326","2160000000"
"PGR","pgr-services","pg.citya","fece7167-03f8-4622-8be2-ebc75ad94f79",NULL,NULL,"a4a0d5a5-2edc-4c3d-bf97-5fdd1f88cbaa","1743096883293","a4a0d5a5-2edc-4c3d-bf97-5fdd1f88cbaa","1743096883293","432000000"
